id,text,author,source,added_at,last_posted_at,times_posted
29b64600-3089-4927-93d3-780fcd3c856b,id,,daily_quotes_100.csv,2025-09-28T07:04:03.312393+00:00,,0
6003a30d-00d7-487f-a90c-ba1c2ca12dbb,101,,daily_quotes_100.csv,2025-09-28T07:04:03.312528+00:00,,0
d39ed69b-0427-4a0f-9794-cc4a0230381e,102,,daily_quotes_100.csv,2025-09-28T07:04:03.312536+00:00,,0
186511e1-7436-4aed-976f-21e75cce90ac,103,,daily_quotes_100.csv,2025-09-28T07:04:03.312542+00:00,,0
3672f46f-8ba0-4761-ba34-160ae03cb1db,104,,daily_quotes_100.csv,2025-09-28T07:04:03.312548+00:00,,0
c379b197-69e4-4512-86d6-9e8ac21358f4,105,,daily_quotes_100.csv,2025-09-28T07:04:03.312554+00:00,,0
c8d2e565-3717-4965-ba43-fc37b726e62e,106,,daily_quotes_100.csv,2025-09-28T07:04:03.312560+00:00,,0
e92061ff-f0d9-4167-ba65-9290b6b7aa73,107,,daily_quotes_100.csv,2025-09-28T07:04:03.312566+00:00,,0
57e3175d-b894-4d78-9c6c-5592531d7486,108,,daily_quotes_100.csv,2025-09-28T07:04:03.312571+00:00,,0
034cdbce-c5e8-49c7-bf31-5e2d013d6f95,109,,daily_quotes_100.csv,2025-09-28T07:04:03.312578+00:00,,0
b510c674-bbb0-4412-9f51-8fefff343df4,110,,daily_quotes_100.csv,2025-09-28T07:04:03.312583+00:00,,0
9b56475e-5095-4e7c-a45b-1f992015bfcb,111,,daily_quotes_100.csv,2025-09-28T07:04:03.312589+00:00,,0
e95576fb-1dae-4f9b-b492-04100f5512e1,112,,daily_quotes_100.csv,2025-09-28T07:04:03.312594+00:00,,0
7cc0fb34-c1b0-44b9-9d3d-341ee6837c1e,113,,daily_quotes_100.csv,2025-09-28T07:04:03.312600+00:00,,0
8ac1e2ef-e56e-4228-98b8-bff1cc52013b,114,,daily_quotes_100.csv,2025-09-28T07:04:03.312605+00:00,,0
34b9a799-11fc-4567-a9d1-154d72ba2077,115,,daily_quotes_100.csv,2025-09-28T07:04:03.312611+00:00,,0
dbc51546-8283-4767-981c-aac1b5fd6907,116,,daily_quotes_100.csv,2025-09-28T07:04:03.312616+00:00,,0
6693d3bc-4cc3-40e5-9b7c-de22a7815cc3,117,,daily_quotes_100.csv,2025-09-28T07:04:03.312621+00:00,2025-10-02T22:27:34.717543+00:00,1
ed65d3b6-14eb-45ed-a07c-d3d157e7a7be,118,,daily_quotes_100.csv,2025-09-28T07:04:03.312627+00:00,,0
cd9f3371-4912-4181-b489-72d1c6e6c7bc,119,,daily_quotes_100.csv,2025-09-28T07:04:03.312632+00:00,,0
5931232c-be4b-4820-a12d-6f9b49eddc42,120,,daily_quotes_100.csv,2025-09-28T07:04:03.312637+00:00,,0
2f75bb89-4fdc-4c1c-9719-3494f6cb276d,121,,daily_quotes_100.csv,2025-09-28T07:04:03.312643+00:00,,0
6c6f42c8-99f9-418c-bcd0-7c60cfd657e0,122,,daily_quotes_100.csv,2025-09-28T07:04:03.312650+00:00,,0
8d1d611b-5db2-4bac-ae78-c57d5f1fb8e3,123,,daily_quotes_100.csv,2025-09-28T07:04:03.312656+00:00,,0
576f604a-ab6e-4c7e-81f4-762fceb29529,124,,daily_quotes_100.csv,2025-09-28T07:04:03.312661+00:00,,0
1658b7fa-06d6-463d-95a3-da1cc918b198,125,,daily_quotes_100.csv,2025-09-28T07:04:03.312666+00:00,,0
b78dbe85-cf8e-4ba2-accd-6e10d3f476cb,126,,daily_quotes_100.csv,2025-09-28T07:04:03.312672+00:00,,0
429749df-e5db-4ac7-b045-e804b87e6d4a,127,,daily_quotes_100.csv,2025-09-28T07:04:03.312677+00:00,,0
88f299ce-5f95-40a9-a845-1111944df1a6,128,,daily_quotes_100.csv,2025-09-28T07:04:03.312683+00:00,,0
80e075e2-9461-416b-98f5-d16dd032d7b0,129,,daily_quotes_100.csv,2025-09-28T07:04:03.312688+00:00,,0
33bf2892-2767-4d91-ae99-654a2809e779,130,,daily_quotes_100.csv,2025-09-28T07:04:03.312693+00:00,,0
a8283dcd-800e-499f-aec9-2aa4a0d0f787,131,,daily_quotes_100.csv,2025-09-28T07:04:03.312699+00:00,,0
32761e5f-c2b4-4e2a-9837-df317c36289c,132,,daily_quotes_100.csv,2025-09-28T07:04:03.312704+00:00,,0
f255f44a-2f0d-4680-86ca-01f700d9f163,133,,daily_quotes_100.csv,2025-09-28T07:04:03.312710+00:00,,0
bf142a4f-0672-46b8-96c5-5c3eba1a4ffa,134,,daily_quotes_100.csv,2025-09-28T07:04:03.312715+00:00,,0
731a5867-5152-48cd-9ad1-fd372530859b,135,,daily_quotes_100.csv,2025-09-28T07:04:03.312720+00:00,,0
0eb41ffb-47d9-43ef-93f6-559bc6bc0daa,136,,daily_quotes_100.csv,2025-09-28T07:04:03.312726+00:00,,0
e8b4acbb-7206-4d0e-9fc1-6e4b08f73e27,137,,daily_quotes_100.csv,2025-09-28T07:04:03.312731+00:00,,0
61125c2a-cb9b-4db9-a516-c8ce6e395c96,138,,daily_quotes_100.csv,2025-09-28T07:04:03.312736+00:00,,0
cd613d6c-1ff0-4b6b-b43c-732f41ffb551,139,,daily_quotes_100.csv,2025-09-28T07:04:03.312742+00:00,,0
82344374-4383-4045-b5ad-68852551b14e,140,,daily_quotes_100.csv,2025-09-28T07:04:03.312747+00:00,,0
fb938dc0-e55a-412e-bb9b-923c925b29b1,141,,daily_quotes_100.csv,2025-09-28T07:04:03.312754+00:00,,0
79af87a0-0c7f-463d-8bb3-a19edbf8dce5,142,,daily_quotes_100.csv,2025-09-28T07:04:03.312760+00:00,,0
ef085bab-5ce4-46c4-98f3-31a10f68ffa3,143,,daily_quotes_100.csv,2025-09-28T07:04:03.312765+00:00,,0
f000bffe-c2e1-40e5-a20b-3e49f63e2b10,144,,daily_quotes_100.csv,2025-09-28T07:04:03.312771+00:00,,0
e3533640-0e91-4bd1-b366-d79835a15164,145,,daily_quotes_100.csv,2025-09-28T07:04:03.312776+00:00,,0
ebd8438c-3e35-444c-96e6-95c33ad8e619,146,,daily_quotes_100.csv,2025-09-28T07:04:03.312781+00:00,,0
928e3604-77f6-4f6e-83c5-3183602a6787,147,,daily_quotes_100.csv,2025-09-28T07:04:03.312787+00:00,,0
34630ceb-33b3-4c6c-b248-23345256b2bd,148,,daily_quotes_100.csv,2025-09-28T07:04:03.312792+00:00,,0
5a319316-b28f-4cf8-9b65-61d74a1f9514,149,,daily_quotes_100.csv,2025-09-28T07:04:03.312797+00:00,,0
4055f196-4662-435a-beec-0fd2c41e6491,150,,daily_quotes_100.csv,2025-09-28T07:04:03.312803+00:00,,0
84f191d7-d3bf-488d-a79d-4c2a79d9c948,151,,daily_quotes_100.csv,2025-09-28T07:04:03.312808+00:00,,0
97f8c0d7-b928-4f25-b1e7-ef8f07500883,152,,daily_quotes_100.csv,2025-09-28T07:04:03.312814+00:00,,0
2709450c-1f10-4875-88fa-940d1f14c609,153,,daily_quotes_100.csv,2025-09-28T07:04:03.312819+00:00,,0
3993c308-902c-462a-9069-96ec71d18878,154,,daily_quotes_100.csv,2025-09-28T07:04:03.312825+00:00,,0
bf4d1ff6-c25f-49bf-9a54-22de62366bdc,155,,daily_quotes_100.csv,2025-09-28T07:04:03.312830+00:00,,0
f109cfa6-8bab-4513-a54d-187d67ce0b43,156,,daily_quotes_100.csv,2025-09-28T07:04:03.312836+00:00,,0
fb375ca3-d215-442d-acf0-ebb49c4e2232,157,,daily_quotes_100.csv,2025-09-28T07:04:03.312841+00:00,,0
6a1d2c55-afb3-4286-aa97-44c27435508e,158,,daily_quotes_100.csv,2025-09-28T07:04:03.312847+00:00,,0
9f147518-dc79-4d5d-bd35-8e0d305a8c0c,159,,daily_quotes_100.csv,2025-09-28T07:04:03.312852+00:00,,0
5e8d6ca8-1697-441b-87c0-d29e77720ace,160,,daily_quotes_100.csv,2025-09-28T07:04:03.312858+00:00,,0
bb7c3ec9-d0ba-4051-a5c5-220a296bd6e7,161,,daily_quotes_100.csv,2025-09-28T07:04:03.312863+00:00,,0
66d886de-4941-464c-aa80-8f0a91c8d514,162,,daily_quotes_100.csv,2025-09-28T07:04:03.312869+00:00,,0
820653b3-e7d9-4888-a3bc-9ede8f944669,163,,daily_quotes_100.csv,2025-09-28T07:04:03.312875+00:00,2025-09-30T23:54:45.946330+00:00,1
dd0dbc70-cbc5-4bc7-81ea-ffcf5f4e70fc,164,,daily_quotes_100.csv,2025-09-28T07:04:03.312884+00:00,,0
eb43e75c-5547-44b7-ade3-ac9fd8f808d4,165,,daily_quotes_100.csv,2025-09-28T07:04:03.312890+00:00,,0
bd1a0c2b-3128-4061-9c2b-fde64c289797,166,,daily_quotes_100.csv,2025-09-28T07:04:03.312896+00:00,,0
01365c96-6148-4320-aa33-b1e41b278a16,167,,daily_quotes_100.csv,2025-09-28T07:04:03.312902+00:00,,0
c8c0cf31-beda-45b1-b9d6-ef69c362fcba,168,,daily_quotes_100.csv,2025-09-28T07:04:03.312907+00:00,,0
e8764cf6-df21-46c0-bb5a-78da61486976,169,,daily_quotes_100.csv,2025-09-28T07:04:03.312913+00:00,2025-10-03T09:33:42.588831+00:00,1
15de41e9-3301-42bf-8d65-6714ec1cad9c,170,,daily_quotes_100.csv,2025-09-28T07:04:03.312918+00:00,,0
14a09aae-755e-49f5-83b1-7461f12698a8,171,,daily_quotes_100.csv,2025-09-28T07:04:03.312924+00:00,,0
ccb2945b-ed42-4a96-b7f6-dd7be4328e16,172,,daily_quotes_100.csv,2025-09-28T07:04:03.312929+00:00,,0
358dcce3-b66f-4902-9cc2-7c3367175e8c,173,,daily_quotes_100.csv,2025-09-28T07:04:03.312934+00:00,,0
19197439-e286-4570-9da5-7925ad7c372c,174,,daily_quotes_100.csv,2025-09-28T07:04:03.312940+00:00,,0
5d32a8a6-29c4-4255-a241-59a0e1d1bab7,175,,daily_quotes_100.csv,2025-09-28T07:04:03.312945+00:00,,0
045a9e91-f81e-4999-8703-ca72ee507559,176,,daily_quotes_100.csv,2025-09-28T07:04:03.312951+00:00,,0
90a18413-847f-4b35-8f29-87ca99fe2591,177,,daily_quotes_100.csv,2025-09-28T07:04:03.312956+00:00,,0
9bb47b0d-19c3-413c-9827-5f8ff6f931dd,178,,daily_quotes_100.csv,2025-09-28T07:04:03.312962+00:00,,0
0fd2f2bd-02a0-4f81-8414-da70285fce06,179,,daily_quotes_100.csv,2025-09-28T07:04:03.312967+00:00,,0
725e92fe-f260-4a4b-abcc-cb89bbbb53a7,180,,daily_quotes_100.csv,2025-09-28T07:04:03.312972+00:00,,0
4e5eeb24-d9f3-4f87-bf58-fa6610576a78,181,,daily_quotes_100.csv,2025-09-28T07:04:03.312978+00:00,,0
552f7ef7-79fa-41c1-8460-d630ecdd3154,182,,daily_quotes_100.csv,2025-09-28T07:04:03.312983+00:00,,0
e314f0e2-83e2-434e-adb4-b77c5df6542d,183,,daily_quotes_100.csv,2025-09-28T07:04:03.312988+00:00,,0
bf15b1cd-1e9c-4157-98d8-a22b2beefc5a,184,,daily_quotes_100.csv,2025-09-28T07:04:03.312993+00:00,2025-09-28T21:54:51.654233+00:00,1
b3382d92-a53d-4788-aeb8-52e65c3fe067,185,,daily_quotes_100.csv,2025-09-28T07:04:03.312999+00:00,,0
6ea27c43-c9bb-4257-a6a2-26c146e809b8,186,,daily_quotes_100.csv,2025-09-28T07:04:03.313005+00:00,2025-10-02T09:10:51.631542+00:00,1
f80685fa-b8cf-4e27-bced-3f60efe22797,187,,daily_quotes_100.csv,2025-09-28T07:04:03.313010+00:00,,0
9bfc6919-b8aa-420d-b89e-2a821e6eb943,188,,daily_quotes_100.csv,2025-09-28T07:04:03.313016+00:00,,0
8c456424-ebf7-4d17-8f41-587557c5f9ac,189,,daily_quotes_100.csv,2025-09-28T07:04:03.313021+00:00,,0
b74ac623-b29f-4df8-803a-ba512328342c,190,,daily_quotes_100.csv,2025-09-28T07:04:03.313026+00:00,,0
53eec33a-bda8-4deb-a0b7-68809b062ace,191,,daily_quotes_100.csv,2025-09-28T07:04:03.313032+00:00,,0
7f403550-259c-4fa5-b8bd-52504c3edc3f,192,,daily_quotes_100.csv,2025-09-28T07:04:03.313037+00:00,,0
0446d4d9-cf78-467b-be47-97adf95253ea,193,,daily_quotes_100.csv,2025-09-28T07:04:03.313044+00:00,,0
01c8ca94-00c7-46f1-b4c7-ba7dcb36558b,194,,daily_quotes_100.csv,2025-09-28T07:04:03.313050+00:00,,0
0a8bb8b3-29b8-4f9c-99eb-59433352953c,195,,daily_quotes_100.csv,2025-09-28T07:04:03.313055+00:00,,0
c0a8b689-0ce7-4b68-9738-6748f87df771,196,,daily_quotes_100.csv,2025-09-28T07:04:03.313060+00:00,,0
f9006676-b3ed-42cd-a41a-694934048efd,197,,daily_quotes_100.csv,2025-09-28T07:04:03.313065+00:00,,0
dd430a3c-3907-41cb-954b-14ae2482d0f2,198,,daily_quotes_100.csv,2025-09-28T07:04:03.313071+00:00,,0
3dd57b0c-3437-4c74-b417-754bc1205b9b,199,,daily_quotes_100.csv,2025-09-28T07:04:03.313076+00:00,,0
c167054f-cfbf-4e29-853e-d0dbeeb68f36,200,,daily_quotes_100.csv,2025-09-28T07:04:03.313081+00:00,2025-10-01T10:33:19.157126+00:00,1
5b7efb83-b37d-41b7-9532-cdcbaf65e7c7,"You have power over your mind, not outside events. Realize this, and you will find strength.",Marcus Aurelius,github,2025-09-28T07:04:51.550806+00:00,,0
88a24dd6-b434-41f0-a00f-7dcb9020f8d5,The happiness of your life depends upon the quality of your thoughts.,Marcus Aurelius,github,2025-09-28T07:04:51.550850+00:00,,0
215a6de7-e924-49fb-9f8d-1bf848ac22d6,"If it is not right, do not do it; if it is not true, do not say it.",Marcus Aurelius,github,2025-09-28T07:04:51.550870+00:00,,0
e015a37a-d771-49b8-8420-dc546c747e17,"When you arise in the morning, think of what a precious privilege it is to be alive—to breathe, to think, to enjoy, to love.",Marcus Aurelius,github,2025-09-28T07:04:51.550893+00:00,,0
33218325-e4dd-4a15-b44a-f63e00777257,The best revenge is to be unlike him who performed the injury.,Marcus Aurelius,github,2025-09-28T07:04:51.550905+00:00,,0
070d06d0-edc7-4625-9c56-3478a3048302,Waste no more time arguing what a good person should be. Be one.,Marcus Aurelius,github,2025-09-28T07:04:51.550917+00:00,,0
7c6bdb74-ae50-4ad3-b2f1-e8fee9768c8f,Look well into thyself; there is a source of strength which will always spring up if thou wilt always look.,Marcus Aurelius,github,2025-09-28T07:04:51.550929+00:00,,0
a3bf5b5f-8a3f-46d5-b8a8-3aa71f917777,"Because a thing seems difficult for you, do not think it impossible for anyone to accomplish.",Marcus Aurelius,github,2025-09-28T07:04:51.550945+00:00,,0
ef7dc0e7-25da-4613-ad4c-4eb2da8660ae,The soul becomes dyed with the color of its thoughts.,Marcus Aurelius,github,2025-09-28T07:04:51.550956+00:00,2025-09-30T13:57:32.729915+00:00,1
d5462d3f-ca26-4d33-b8e0-b6486f4f8bce,Nowhere can you find a quieter or more untroubled retreat than in your own soul.,Marcus Aurelius,github,2025-09-28T07:04:51.550966+00:00,,0
2ff52694-6e55-4594-96b6-2bfc0b13483f,"Men are disturbed not by things, but by the views which they take of things.",Epictetus,github,2025-09-28T07:04:51.550976+00:00,,0
8360308b-39a4-45d0-b832-74414ffde2cb,No person is free who is not master of themselves.,Epictetus,github,2025-09-28T07:04:51.550984+00:00,,0
4ae32f8d-3be6-454e-ab35-c24f3d79fc06,First say to yourself what you would be; and then do what you have to do.,Epictetus,github,2025-09-28T07:04:51.550997+00:00,,0
99dca21f-f7e1-44a5-b07a-93d961eb8d38,"If you want to improve, be content to be thought foolish and stupid.",Epictetus,github,2025-09-28T07:04:51.551018+00:00,,0
6bfcc4b0-34b0-451c-9253-8ece9df13533,Don't explain your philosophy. Embody it.,Epictetus,github,2025-09-28T07:04:51.551046+00:00,,0
c8db9b43-dcfc-4fdd-938c-b643724f4749,It is difficulties that show what people are.,Epictetus,github,2025-09-28T07:04:51.551064+00:00,,0
a8621f0d-aaa2-4818-adcd-26bc41f898f8,Freedom is the right to live as we wish; nothing else.,Epictetus,github,2025-09-28T07:04:51.551073+00:00,,0
f21a1411-5f0c-449d-aa62-0ab6db429c20,There is only one way to happiness and that is to cease worrying about things which are beyond the power of our will.,Epictetus,github,2025-09-28T07:04:51.551084+00:00,,0
58c6414d-1b47-461a-b67b-b966de6327a6,"If a person gave your body to any stranger they met on their way, you would certainly be angry; and do you feel no shame in handing over your own mind to be puzzled and confounded by anyone who happens to verbally attack you?",Epictetus,github,2025-09-28T07:04:51.551100+00:00,,0
c1cfdf10-86cb-4ac2-9508-6d294a2e61b8,It is impossible for a person to begin to learn what they think they already know.,Epictetus,github,2025-09-28T07:04:51.551110+00:00,,0
c411b239-eb3d-4ab9-8b18-ae5effa5879c,Luck is what happens when preparation meets opportunity.,Seneca,github,2025-09-28T07:04:51.551118+00:00,,0
ab91e430-67a8-4a14-a8cf-28809497e355,We suffer more often in imagination than in reality.,Seneca,github,2025-09-28T07:04:51.551126+00:00,,0
7839b363-7bd1-4c51-a2ea-03b6136b9fdf,"It is not that we have a short time to live, but that we waste much of it.",Seneca,github,2025-09-28T07:04:51.551138+00:00,,0
1a6aedd7-c8ac-45c9-bd0f-1c9cc533fe77,"Difficulties strengthen the mind, as labor does the body.",Seneca,github,2025-09-28T07:04:51.551146+00:00,,0
7d0a2e29-b166-48c6-b456-b9efded664fa,"While we are postponing, life speeds by.",Seneca,github,2025-09-28T07:04:51.551154+00:00,,0
dcba488f-e292-46ed-9417-8130635d5d94,Associate with those who will make you better.,Seneca,github,2025-09-28T07:04:51.551162+00:00,,0
7836c8cf-19e2-4f9d-a25e-4377db720e7d,Throw me to the wolves and I will return leading the pack.,Seneca,github,2025-09-28T07:04:51.551170+00:00,2025-09-30T19:45:22.701723+00:00,1
b3db0407-ad39-4825-a1bc-f6b62a1adb12,"Begin at once to live, and count each separate day as a separate life.",Seneca,github,2025-09-28T07:04:51.551179+00:00,,0
1a7164ba-16df-48af-a37b-9255681086c1,He who is brave is free.,Seneca,github,2025-09-28T07:04:51.551187+00:00,,0
a58e1cc5-2ffb-4693-b4d9-744d310fc686,"True happiness is to enjoy the present, without anxious dependence upon the future.",Seneca,github,2025-09-28T07:04:51.551196+00:00,,0
1aa709ae-e644-4fc1-bd8d-00fe9b14925d,The journey of a thousand miles begins with a single step.,Lao Tzu,github,2025-09-28T07:04:51.551204+00:00,,0
15376f49-a25a-4727-b607-5e97f37d9a25,He who conquers others is strong; he who conquers himself is mighty.,Lao Tzu,github,2025-09-28T07:04:51.551213+00:00,,0
e5a134c0-7300-4c44-bfb9-9bad16ca00d7,"Nature does not hurry, yet everything is accomplished.",Lao Tzu,github,2025-09-28T07:04:51.551220+00:00,,0
a85d1053-ceb4-4d28-a06f-a28deae32102,Silence is a source of great strength.,Lao Tzu,github,2025-09-28T07:04:51.551230+00:00,,0
037249fa-09e0-42f1-8dd9-f6fd9593d50d,Knowing others is intelligence; knowing yourself is true wisdom.,Lao Tzu,github,2025-09-28T07:04:51.551239+00:00,,0
67e6e4dc-c8c6-4ee4-92a7-82b21a2b44fd,"When I let go of what I am, I become what I might be.",Lao Tzu,github,2025-09-28T07:04:51.551248+00:00,,0
2d8dacb5-dcb2-47c4-bdb9-9ced965f5ec0,"To the mind that is still, the whole universe surrenders.",Lao Tzu,github,2025-09-28T07:04:51.551258+00:00,,0
9b8f447b-a3d9-4b9b-8361-caea97d2f6f6,A good traveler has no fixed plans and is not intent on arriving.,Lao Tzu,github,2025-09-28T07:04:51.551267+00:00,,0
15ecb9b8-5d6b-413c-932a-1b69d28c9552,"I have just three things to teach: simplicity, patience, compassion.",Lao Tzu,github,2025-09-28T07:04:51.551275+00:00,,0
872be443-2b00-4727-b1b8-580aa45e90b5,Respond intelligently even to unintelligent treatment.,Lao Tzu,github,2025-09-28T07:04:51.551283+00:00,,0
68e0c2f7-af70-4aab-bce8-a3e136a45bee,All that we are is the result of what we have thought.,Buddha,github,2025-09-28T07:04:51.551291+00:00,,0
815762e0-f4d6-4b27-b35e-9a33de4da245,Hatred is never appeased by hatred in this world; by non-hatred alone is hatred appeased.,Buddha,github,2025-09-28T07:04:51.551302+00:00,,0
4847a021-243d-485f-acd7-75e1d26a7260,Better than a thousand hollow words is one word that brings peace.,Buddha,github,2025-09-28T07:04:51.551311+00:00,,0
1a59b234-84fc-4ca5-a962-466d6348c59b,No one saves us but ourselves. We must walk the path.,Buddha,github,2025-09-28T07:04:51.551319+00:00,,0
74236330-85a2-44c1-864b-b623d0d0873e,A disciplined mind brings happiness.,Buddha,github,2025-09-28T07:04:51.551326+00:00,,0
0e6963da-3edc-41b0-97a6-7c2969453309,The mind is difficult to control; a trained mind brings happiness.,Buddha,github,2025-09-28T07:04:51.551334+00:00,,0
a5641021-74d8-4bc4-934b-bc972d1d305b,"As a solid rock is not shaken by the wind, so the wise are not moved by praise or blame.",Buddha,github,2025-09-28T07:04:51.551348+00:00,,0
9f629574-cc28-4089-a239-734085e5b04c,Purity and impurity depend on oneself; no one can purify another.,Buddha,github,2025-09-28T07:04:51.551357+00:00,,0
f29e0e7e-38a2-423a-883b-b8759b43029c,"To live a pure unselfish life, one must count nothing as one's own.",Buddha,github,2025-09-28T07:04:51.551367+00:00,,0
a36841ea-ba00-44e6-80db-5f4558e15c72,"If you light a lamp for someone else, it will also brighten your path.",Buddha,github,2025-09-28T07:04:51.551377+00:00,,0
2d932893-a57f-4231-99e6-e8446a67a4d0,It does not matter how slowly you go as long as you do not stop.,Confucius,github,2025-09-28T07:04:51.551386+00:00,,0
2ca14437-ab2e-43fe-885c-79525e7afc8f,"Our greatest glory is not in never falling, but in rising every time we fall.",Confucius,github,2025-09-28T07:04:51.551395+00:00,,0
510331ed-ba86-4151-97e9-b0b25ca233a8,The man who moves a mountain begins by carrying away small stones.,Confucius,github,2025-09-28T07:04:51.551404+00:00,,0
2bd3a8d7-85b2-49d9-9664-a86deee5d875,"When we see people of worth, we should think of equaling them; when we see people of a contrary character, we should turn inwards and examine ourselves.",Confucius,github,2025-09-28T07:04:51.551417+00:00,,0
8690e6b0-18b5-4a51-920c-6ee20f4c7ec0,The cautious seldom err.,Confucius,github,2025-09-28T07:04:51.551424+00:00,,0
04fb76ba-7455-416b-80d1-26fee5357f8e,"Wherever you go, go with all your heart.",Confucius,github,2025-09-28T07:04:51.551432+00:00,,0
4f1dc601-4cc5-4c00-b49a-5dca5904bcfe,Real knowledge is to know the extent of one's ignorance.,Confucius,github,2025-09-28T07:04:51.551441+00:00,,0
55af6a73-4da3-460b-bb54-d1de122ada60,He who learns but does not think is lost; he who thinks but does not learn is in great danger.,Confucius,github,2025-09-28T07:04:51.551451+00:00,,0
0f42f24e-9245-4f71-94b6-5a067fb6205c,To see what is right and not do it is want of courage.,Confucius,github,2025-09-28T07:04:51.551459+00:00,,0
af770675-3928-476c-bebf-257f2ee42c82,The expectations of life depend upon diligence; the mechanic that would perfect their work must first sharpen their tools.,Confucius,github,2025-09-28T07:04:51.551469+00:00,,0
387e66a3-fcce-49c8-8032-bc6d76d591a5,"You have a right to action, but not to the fruits of action.",Bhagavad Gita,github,2025-09-28T07:04:51.551480+00:00,,0
2a513c5b-2084-48ad-94db-e226049fdc43,"For one who has conquered the mind, the mind is the best of friends; for one who has failed, the mind will be the greatest enemy.",Bhagavad Gita,github,2025-09-28T07:04:51.551492+00:00,,0
348c37f7-4b9c-4f29-9a74-7709f822e7da,"Set thy heart upon thy work, but never on its reward.",Bhagavad Gita,github,2025-09-28T07:04:51.551500+00:00,,0
4e1dacec-97a5-4487-9544-0d4e3bf2d1a9,"Let your actions be pure, for your actions become your destiny.",Bhagavad Gita,github,2025-09-28T07:04:51.551508+00:00,,0
49e09be2-4b5f-4051-836a-527c51591ece,"When meditation is mastered, the mind is unwavering like the flame of a lamp in a windless place.",Bhagavad Gita,github,2025-09-28T07:04:51.551520+00:00,,0
e9618278-f71b-4f7d-b647-f254011bd312,Perform your duty and abandon attachment to success and failure.,Bhagavad Gita,github,2025-09-28T07:04:51.551528+00:00,,0
c3579acb-dbc4-46e9-8ee9-b5ebca8ec284,"One becomes what one believes; as one's faith, so one is.",Bhagavad Gita,github,2025-09-28T07:04:51.551536+00:00,,0
84bd75bf-3dcb-446f-b813-be219b81f379,"Better one's own duty, though imperfect, than another's duty well performed.",Bhagavad Gita,github,2025-09-28T07:04:51.551545+00:00,,0
ca94d759-9822-4a44-a5a3-b2ca7492eb25,From attachment springs desire; from desire springs anger.,Bhagavad Gita,github,2025-09-28T07:04:51.551553+00:00,,0
ce09d9bc-fb3e-40bf-bdf5-39b1f2ffab14,"The self is a friend for one who has conquered the self; for one who has not, the self remains an enemy.",Bhagavad Gita,github,2025-09-28T07:04:51.551563+00:00,,0
b701a125-af64-4f4a-986d-a948aa68d485,"Fall seven times, stand up eight.",Japanese Proverb,github,2025-09-28T07:04:51.551573+00:00,,0
a1991e15-cef0-4ae9-9163-9544974d7be4,A journey of a thousand miles begins with a single step.,Chinese Proverb,github,2025-09-28T07:04:51.551581+00:00,,0
f1441025-0f69-4ca1-b41a-8712b45a127f,The bamboo that bends is stronger than the oak that resists.,Japanese Proverb,github,2025-09-28T07:04:51.551590+00:00,2025-10-03T07:38:16.638766+00:00,1
73f56c49-e081-469b-b3f2-1aa5ae0ec597,"When the winds of change blow, some build walls, others build windmills.",Chinese Proverb,github,2025-09-28T07:04:51.551598+00:00,,0
7f8f406d-4814-4362-8677-a4680fd3538a,"Little by little, one travels far.",Tanzanian Proverb,github,2025-09-28T07:04:51.551607+00:00,,0
1c46c759-3c3f-466b-8703-831a9d301576,The person who moves a mountain begins by carrying away small stones.,Chinese Proverb,github,2025-09-28T07:04:51.551616+00:00,,0
20efbdf3-7b57-4e97-9269-b4d8023155e7,After the storm comes the calm.,Latin Proverb,github,2025-09-28T07:04:51.551623+00:00,,0
d8c0858d-0849-41dc-b50f-a8f87ca59be5,The obstacle is the path.,Zen Proverb,github,2025-09-28T07:04:51.551630+00:00,,0
e7e961d2-63a5-4113-a0de-8403206cc216,"He who asks is a fool for five minutes, but he who does not ask remains a fool forever.",Chinese Proverb,github,2025-09-28T07:04:51.551642+00:00,,0
f8845388-9722-4f33-9c43-91cf8d65603e,"A reed before the wind lives on, while mighty oaks do fall.",French Proverb,github,2025-09-28T07:04:51.551652+00:00,,0
5af039a3-04b1-4423-9ede-b74561e55d4a,"What we think, we become.",Buddha,github,2025-09-28T07:04:51.551659+00:00,,0
ff529eb5-6345-4616-a217-b1e89fc6207f,The unexamined life is not worth living.,Socrates,github,2025-09-28T07:04:51.551667+00:00,,0
303ca38e-4485-48ac-8866-abd5adec096c,"Be kind, for everyone you meet is fighting a hard battle.",attributed,github,2025-09-28T07:04:51.551675+00:00,,0
98e00768-e64d-4be7-9720-34c7e2e3ed18,Well begun is half done.,Aristotle,github,2025-09-28T07:04:51.551682+00:00,,0
c57d493f-e33f-457c-ad5e-443622920944,Knowing yourself is the beginning of all wisdom.,Aristotle,github,2025-09-28T07:04:51.551689+00:00,,0
862e9712-fb3a-41ee-8736-faa6a5591541,I count him braver who overcomes his desires than him who conquers his enemies.,Aristotle,github,2025-09-28T07:04:51.551698+00:00,,0
07a22947-779f-4656-be53-376bb33b14b8,No one can make you feel inferior without your consent.,Eleanor Roosevelt,github,2025-09-28T07:04:51.551706+00:00,,0
ff5f02d0-2462-4fe5-a48b-6157a084ee4e,"To err is human; to forgive, divine.",Alexander Pope,github,2025-09-28T07:04:51.551714+00:00,,0
f58e4dc7-6599-4dc5-b5e3-be829e80ac61,He who has a why to live can bear almost any how.,Friedrich Nietzsche,github,2025-09-28T07:04:51.551722+00:00,,0
a7224255-3f93-4d8b-8634-caef79702a24,"We are what we repeatedly do. Excellence, then, is not an act, but a habit.",Will Durant (summary of Aristotle),github,2025-09-28T07:04:51.551731+00:00,,0
0d215b12-2e9d-4ec4-ae30-73e54dd52995,"Yesterday I was clever, so I wanted to change the world. Today I am wise, so I am changing myself.",Rumi,github,2025-09-28T07:04:51.551740+00:00,,0
fc57da6a-986c-4ed2-8917-67969bd046db,What you seek is seeking you.,Rumi,github,2025-09-28T07:04:51.551748+00:00,,0
95c3947e-ff2e-44c9-878d-ca23208a448d,The wound is the place where the Light enters you.,Rumi,github,2025-09-28T07:04:51.551757+00:00,,0
feea1a7a-2a9a-40c0-b3f7-ba9fc53bf597,Let yourself be silently drawn by the strange pull of what you really love.,Rumi,github,2025-09-28T07:04:51.551766+00:00,,0
c8a149e6-8666-4bdb-b2d9-47a90ca303a8,The garden of love is green without limit and yields many fruits other than sorrow or joy.,Rumi,github,2025-09-28T07:04:51.551777+00:00,,0
8f509461-1141-4849-988a-3b48bcabfbd7,"It is not the man who has too little, but the man who craves more, that is poor.",Seneca,github,2025-09-28T07:04:51.551787+00:00,,0
556adecc-ad15-4e11-87a1-a8ad7e82ac53,"Dwell on the beauty of life. Watch the stars, and see yourself running with them.",Marcus Aurelius,github,2025-09-28T07:04:51.551795+00:00,,0
3816b338-e416-4c5f-9142-20176258d51f,The things you think about determine the quality of your mind.,Marcus Aurelius,github,2025-09-28T07:04:51.551803+00:00,,0
dec12a1c-d51a-49ae-b6c8-3c0b8494dc56,How long are you going to wait before you demand the best of yourself?,Epictetus,github,2025-09-28T07:04:51.551812+00:00,2025-10-02T04:41:50.948704+00:00,1
c797197d-b564-4168-a8b1-d58d274ca2ed,To be even-minded is the greatest virtue.,Heraclitus,github,2025-09-28T07:04:51.551864+00:00,,0
aa40cb1b-7a2e-451f-ac3e-542eaabe345c,"I think, therefore I am.",René Descartes,github,2025-09-28T07:04:51.821620+00:00,,0
20f4a0ad-05f8-4459-b9d7-9b9ac109c4c7,Happiness depends upon ourselves.,Aristotle,github,2025-09-28T07:04:51.821650+00:00,,0
ecf7c572-b1af-407a-a885-7c7e4208dbec,"You have power over your mind—not outside events. Realize this, and you will find strength.",Marcus Aurelius,github,2025-09-28T07:04:51.821671+00:00,2025-10-01T23:47:12.679061+00:00,1
04b93dde-a1de-4fe7-8c78-7b66ca730c61,"We are what we repeatedly do. Excellence, then, is not an act but a habit.",Will Durant,github,2025-09-28T07:04:51.821688+00:00,,0
92798b97-8dd0-49d3-96f8-f7e7dc370b8a,Man is the measure of all things.,Protagoras,github,2025-09-28T07:04:51.821706+00:00,,0
59ab574c-0d9a-4bfb-9bd7-a5eca22f950f,The only thing we have to fear is fear itself.,Franklin D. Roosevelt,github,2025-09-28T07:04:51.821717+00:00,,0
a0390613-a1d7-4d2b-af98-a7eb9c2ac616,Ask not what your country can do for you—ask what you can do for your country.,John F. Kennedy,github,2025-09-28T07:04:51.821730+00:00,,0
b10250df-4c5c-4999-9978-12a96d9ddacc,"That's one small step for a man, one giant leap for mankind.",Neil Armstrong,github,2025-09-28T07:04:51.821741+00:00,,0
82af74b3-fbd5-4c05-9061-83829bb8f25f,"To be, or not to be: that is the question.",William Shakespeare,github,2025-09-28T07:04:51.821751+00:00,,0
950775a9-b5fe-4019-8738-d177f3d40798,Brevity is the soul of wit.,William Shakespeare,github,2025-09-28T07:04:51.821762+00:00,,0
bae5bd74-36d6-4f39-a6b5-a2c15746b08d,"There is nothing either good or bad, but thinking makes it so.",William Shakespeare,github,2025-09-28T07:04:51.821772+00:00,,0
62d7138c-603c-4a0f-9ae4-7dd41aace2a6,"The fault, dear Brutus, is not in our stars, but in ourselves, that we are underlings.",William Shakespeare,github,2025-09-28T07:04:51.821782+00:00,,0
fae366b1-8049-4ea9-848b-9f08e4fe92ad,Cowards die many times before their deaths; the valiant never taste of death but once.,William Shakespeare,github,2025-09-28T07:04:51.821791+00:00,,0
1db1b409-8657-4699-9e4e-96838306ed10,"We are such stuff as dreams are made on, and our little life is rounded with a sleep.",William Shakespeare,github,2025-09-28T07:04:51.821801+00:00,,0
2a9e06a6-9699-49ba-86f2-9aff2bb2c785,"Love all, trust a few, do wrong to none.",William Shakespeare,github,2025-09-28T07:04:51.821809+00:00,,0
084128b3-e5a3-4d0b-a723-0367e6e344f0,"Some are born great, some achieve greatness, and some have greatness thrust upon them.",William Shakespeare,github,2025-09-28T07:04:51.821819+00:00,,0
e430884a-aaa5-4329-ba3d-cb401962565f,"What we know is a drop, what we don't know is an ocean.",Isaac Newton,github,2025-09-28T07:04:51.821842+00:00,,0
1751c83c-6d70-4f75-8dde-3f448ae23633,If I have seen further it is by standing on the shoulders of giants.,Isaac Newton,github,2025-09-28T07:04:51.821853+00:00,2025-09-30T11:22:31.521061+00:00,1
ae2744a4-be5d-405e-8cfa-6051f98eed88,Time is money.,Benjamin Franklin,github,2025-09-28T07:04:51.821860+00:00,,0
b7db7a3c-1a5d-4c19-b892-051e9349333b,Well done is better than well said.,Benjamin Franklin,github,2025-09-28T07:04:51.821868+00:00,,0
ee7e335f-f8a9-46de-9625-defb76668c44,An investment in knowledge pays the best interest.,Benjamin Franklin,github,2025-09-28T07:04:51.821880+00:00,,0
64fd2ae4-9ef0-4af8-a775-a4c0fc7edeec,The only true wisdom is in knowing you know nothing.,Socrates,github,2025-09-28T07:04:51.821888+00:00,,0
cfb41adf-fb47-48fa-aceb-8ba44de046b3,"It is not death that a man should fear, but he should fear never beginning to live.",Marcus Aurelius,github,2025-09-28T07:04:51.821898+00:00,,0
674d4d53-b1ae-4490-b674-3b628bda106d,Fortune favors the bold.,Virgil,github,2025-09-28T07:04:51.821911+00:00,,0
75b4f732-2220-4cad-b346-6dd5c4697711,Practice does not make perfect. Only perfect practice makes perfect.,Vince Lombardi,github,2025-09-28T07:04:51.821919+00:00,,0
b36fd202-06ed-4599-9d06-81d9345b7367,In the middle of difficulty lies opportunity.,Albert Einstein,github,2025-09-28T07:04:51.821927+00:00,,0
bf268a2f-2f04-44d6-8ce8-1c724184894c,Not all those who wander are lost.,J. R. R. Tolkien,github,2025-09-28T07:04:51.821934+00:00,,0
bb19e0b8-15b1-4d2c-97d6-a65a86c841b0,All we have to decide is what to do with the time that is given us.,J. R. R. Tolkien,github,2025-09-28T07:04:51.821943+00:00,,0
5fe5a6c5-b9e3-4bc6-8007-a67a62d8a1eb,What you do speaks so loudly that I cannot hear what you say.,Ralph Waldo Emerson,github,2025-09-28T07:04:51.821954+00:00,,0
bbfc1e5e-3d1e-413c-b322-c86feae21297,To be yourself in a world that is constantly trying to make you something else is the greatest accomplishment.,Ralph Waldo Emerson,github,2025-09-28T07:04:51.821967+00:00,,0
ddc94768-3b50-49a8-94a5-d6a67155403c,The only way to have a friend is to be one.,Ralph Waldo Emerson,github,2025-09-28T07:04:51.821975+00:00,2025-10-01T13:21:02.120176+00:00,1
d31a52c8-754a-4c99-bfb1-8fc1eb4a3d53,"Success is not final, failure is not fatal: it is the courage to continue that counts.",Winston Churchill,github,2025-09-28T07:04:51.821984+00:00,,0
84db2e9a-06d4-47ad-af67-bcafef73218a,"If you're going through hell, keep going.",Winston Churchill,github,2025-09-28T07:04:51.821992+00:00,,0
f2956800-9ef0-4198-aaa7-39ca128c3e2d,It always seems impossible until it's done.,Nelson Mandela,github,2025-09-28T07:04:51.822000+00:00,,0
536a9a79-6872-4599-9cf9-5b1069a81f4b,Education is the most powerful weapon which you can use to change the world.,Nelson Mandela,github,2025-09-28T07:04:51.822009+00:00,,0
3f24a5d5-a25e-445e-a4fc-bdd2a86242ab,The master has failed more times than the beginner has even tried.,Stephen McCranie,github,2025-09-28T07:04:51.822017+00:00,,0
2e32addb-0969-44b2-9625-371da5cbeba2,Do or do not. There is no try.,Yoda,github,2025-09-28T07:04:51.822025+00:00,,0
763a6b3a-77d3-4f70-b250-7f21f2cb7e4f,Stay hungry. Stay foolish.,Steve Jobs,github,2025-09-28T07:04:51.822032+00:00,,0
b6f65da0-6978-4588-8f66-0a07e1cfd52b,"Your time is limited, so don’t waste it living someone else’s life.",Steve Jobs,github,2025-09-28T07:04:51.822049+00:00,2025-09-30T16:09:49.261165+00:00,1
9a257d21-b136-4551-a902-f38c1225d9cc,It is never too late to be what you might have been.,George Eliot,github,2025-09-28T07:04:51.822058+00:00,,0
fc8ce8ab-6537-4538-abf1-903250c19bbf,The secret of getting ahead is getting started.,Mark Twain,github,2025-09-28T07:04:51.822066+00:00,,0
2840cc57-c30c-4e68-b68e-a6c83b4cada3,"Courage is resistance to fear, mastery of fear—not absence of it.",Mark Twain,github,2025-09-28T07:04:51.822076+00:00,,0
3d0aea41-9cf8-4864-92bb-f3f793e79ec3,The man who does not read has no advantage over the man who cannot read.,Mark Twain,github,2025-09-28T07:04:51.822085+00:00,,0
127a66da-4f11-4ac9-852d-327ca00ddfa6,"It is not the strongest of the species that survive, nor the most intelligent, but the one most responsive to change.",Leon C. Megginson,github,2025-09-28T07:04:51.822095+00:00,,0
a8b51c94-39d7-4a34-bda8-7abec538c435,In three words I can sum up everything I've learned about life: it goes on.,Robert Frost,github,2025-09-28T07:04:51.822104+00:00,,0
be8a95b3-e463-4c86-9619-76adf780782c,"Two roads diverged in a wood, and I—I took the one less traveled by.",Robert Frost,github,2025-09-28T07:04:51.822114+00:00,,0
67513c65-b0e8-4941-8d1a-f703ffcd4a6c,Hope is the thing with feathers that perches in the soul.,Emily Dickinson,github,2025-09-28T07:04:51.822122+00:00,,0
e7fa5144-5122-4ff7-aaa1-5bddcb1524f9,Forever is composed of nows.,Emily Dickinson,github,2025-09-28T07:04:51.822132+00:00,,0
ffe41f7c-feda-4d8d-be1f-7cedce350c08,"We are what we pretend to be, so we must be careful about what we pretend to be.",Kurt Vonnegut,github,2025-09-28T07:04:51.822142+00:00,2025-10-01T14:23:13.368822+00:00,1
63c3230f-1865-4b50-95b8-226ca439f587,So it goes.,Kurt Vonnegut,github,2025-09-28T07:04:51.822148+00:00,,0
368b8ba8-c828-4ad6-ad6e-c468a124599b,The universe is under no obligation to make sense to you.,Neil deGrasse Tyson,github,2025-09-28T07:04:51.822157+00:00,,0
c422c799-74d2-46eb-bf3a-36813f1089a0,"The more I see, the less I know for sure.",John Lennon,github,2025-09-28T07:04:51.822164+00:00,,0
1c7f1cf4-2da8-4256-8526-4985d840bf28,Life is what happens to you while you’re busy making other plans.,John Lennon,github,2025-09-28T07:04:51.822175+00:00,,0
65bcc6ba-5e67-434c-8447-5a1c81e6445c,The only limit to our realization of tomorrow will be our doubts of today.,Franklin D. Roosevelt,github,2025-09-28T07:04:51.822184+00:00,,0
9c2bae70-7589-4a10-83e3-226085ea087e,Imagination is more important than knowledge.,Albert Einstein,github,2025-09-28T07:04:51.822191+00:00,,0
86041de9-cfbd-4a1f-ae40-763e690c3fa3,What gets measured gets managed.,Peter Drucker,github,2025-09-28T07:04:51.822199+00:00,,0
65d2c387-fc3b-4f2d-a36d-2c794b012b45,Knowledge is power.,Francis Bacon,github,2025-09-28T07:04:51.822206+00:00,,0
a334e2b0-bdf4-417a-ab85-b45d7eb44b1c,Reading maketh a full man; conference a ready man; and writing an exact man.,Francis Bacon,github,2025-09-28T07:04:51.822217+00:00,,0
0cbfa0f3-d021-4cdd-a4b4-b9ce786c59fe,"Do what you can, with what you have, where you are.",Theodore Roosevelt,github,2025-09-28T07:04:51.822229+00:00,,0
73ff05e3-f0aa-4c9e-b223-9e83b7617f86,Believe you can and you're halfway there.,Theodore Roosevelt,github,2025-09-28T07:04:51.822236+00:00,,0
71e812aa-5337-4ada-9d79-074e9703bc93,Tell me and I forget. Teach me and I remember. Involve me and I learn.,Xunzi (often misattributed to Franklin),github,2025-09-28T07:04:51.822246+00:00,,0
4dc707e9-c4c3-4566-9516-30ff83d8980b,Act as if what you do makes a difference. It does.,William James,github,2025-09-28T07:04:51.822254+00:00,,0
cf163c4b-bbe8-4922-bf81-d9b64543cdd7,"The great thing in this world is not so much where you stand, as in what direction you are moving.",Oliver Wendell Holmes Sr.,github,2025-09-28T07:04:51.822266+00:00,,0
da761297-f65f-4c0d-b81e-bb2b884765f2,"What we obtain too cheap, we esteem too lightly.",Thomas Paine,github,2025-09-28T07:04:51.822274+00:00,,0
cba48aa4-0a0c-4027-bd40-5021af013ce3,Character is destiny.,Heraclitus,github,2025-09-28T07:04:51.822282+00:00,,0
4ec59460-c0ae-4794-a53a-84385bd0f6b3,It is the mark of an educated mind to be able to entertain a thought without accepting it.,Aristotle,github,2025-09-28T07:04:51.822292+00:00,,0
f88b36e2-a5a4-485c-a9c6-e33ae9b31a7b,We are what we repeatedly do.,Will Durant,github,2025-09-28T07:04:51.822303+00:00,,0
8d8bebce-9f22-4da6-9054-a6df6afff20e,The best way out is always through.,Robert Frost,github,2025-09-28T07:04:51.822313+00:00,,0
b6a9fd39-7a93-40b2-a310-552783b09e1b,Peace comes from within. Do not seek it without.,Gautama Buddha,github,2025-09-28T07:04:51.822325+00:00,,0
f2894a48-1441-4d2c-bc35-8b4692c69a93,"It does not matter how slowly you go, as long as you do not stop.",Confucius,github,2025-09-28T07:04:51.822344+00:00,,0
260f73a6-5500-451a-b2dd-46733c1ada61,"The superior man is modest in his speech, but exceeds in his actions.",Confucius,github,2025-09-28T07:04:51.822352+00:00,,0
3ed4d278-b41c-4425-9544-28b342551773,"When anger rises, think of the consequences.",Confucius,github,2025-09-28T07:04:51.822360+00:00,,0
9d24e5bf-f2be-4d5e-9ad0-57052b2ae964,"Appear weak when you are strong, and strong when you are weak.",Sun Tzu,github,2025-09-28T07:04:51.822369+00:00,,0
80837b61-bfc5-41ab-b380-e92e08d4118c,Opportunities multiply as they are seized.,Sun Tzu,github,2025-09-28T07:04:51.822376+00:00,,0
6c0900db-7023-4be7-8bd2-6fec347eed77,The impediment to action advances action. What stands in the way becomes the way.,Marcus Aurelius,github,2025-09-28T07:04:51.822385+00:00,,0
ff4d227e-8ab3-463a-82eb-4e22e99c3ede,Be tolerant with others and strict with yourself.,Marcus Aurelius,github,2025-09-28T07:04:51.822393+00:00,2025-10-02T10:53:06.349320+00:00,1
cb87f04b-ddd3-43f9-9ca8-25019f559bd7,"It is not events that disturb people, but their judgments about them.",Epictetus,github,2025-09-28T07:04:51.822401+00:00,,0
65a25b18-b246-45b4-8746-3e7cd9faf190,No man is free who is not master of himself.,Epictetus,github,2025-09-28T07:04:51.822411+00:00,2025-09-30T08:07:21.979402+00:00,1
93b66f96-de6a-4924-8435-18fac1dd8043,"I am not what happened to me, I am what I choose to become.",Carl Jung,github,2025-09-28T07:04:51.822423+00:00,,0
17241efc-9817-4e97-afa6-f1882725d203,One day you will wake up and there won’t be any more time to do the things you’ve always wanted. Do it now.,Paulo Coelho,github,2025-09-28T07:04:51.822436+00:00,,0
db38717f-ef7d-4505-94bb-b8d1011ef5db,The most common way people give up their power is by thinking they don’t have any.,Alice Walker,github,2025-09-28T07:04:51.822447+00:00,,0
4ae9b30c-b034-40bf-80ff-993a6cd97294,"If you don't like something, change it. If you can't change it, change your attitude.",Maya Angelou,github,2025-09-28T07:04:51.822457+00:00,,0
977d9282-bb2b-4b31-84e9-778cb134c575,"People will forget what you said, people will forget what you did, but people will never forget how you made them feel.",Maya Angelou,github,2025-09-28T07:04:51.822467+00:00,,0
30cbc8e8-b906-446f-94ac-52ae0b552f42,You miss 100% of the shots you don’t take.,Wayne Gretzky,github,2025-09-28T07:04:51.822476+00:00,,0
d2b0e614-d301-44b3-8874-882dcea1da3d,"Perfection is achieved, not when there is nothing more to add, but when there is nothing left to take away.",Antoine de Saint-Exupéry,github,2025-09-28T07:04:51.822486+00:00,,0
48da4dec-88cb-41e6-a6ab-4fc22d8bb9f9,"It is not the mountain we conquer, but ourselves.",Edmund Hillary,github,2025-09-28T07:04:51.822494+00:00,,0
fd4d64ab-b18a-4460-88a8-fc6063a086fc,The weak can never forgive. Forgiveness is the attribute of the strong.,Mahatma Gandhi,github,2025-09-28T07:04:51.822505+00:00,,0
9bf197ea-fc72-4989-bd31-b0157d42eac2,The future depends on what you do today.,Mahatma Gandhi,github,2025-09-28T07:04:51.822513+00:00,,0
4bbc6aa5-25eb-462f-b153-de3a9c430f8b,Faith is love taking the form of aspiration.,William Ellery Channing,github,2025-10-01T03:43:16.891044+00:00,,0
a46b4d10-a242-414c-babf-9e2f5abdd8ff,You can’t cross the sea merely by standing and staring at the water.,Rabindranath Tagore,github,2025-10-01T03:43:16.891188+00:00,,0
3d5cfdc0-20b5-4ac0-9b34-0f89700fdbf0,No bird soars too high if he soars with his own wings.,William Blake,github,2025-10-01T03:43:16.891198+00:00,2025-10-02T13:11:00.557688+00:00,1
35984444-5d49-40b6-8af7-bb6b4c2a20d1,Don’t judge each day by the harvest you reap but by the seeds that you plant.,Robert Louis Stevenson,github,2025-10-01T03:43:16.891208+00:00,2025-10-01T07:13:11.599274+00:00,1
0473c3af-b241-4885-9785-95697c04c041,I believe there’s an inner power that makes winners or losers. The winners are the ones who really listen to the truth of their hearts.,Sylvester Stallone,github,2025-10-01T03:43:16.891220+00:00,,0
1073f37b-4ce2-47bc-9b6e-27ee7afbc843,"It is our attitude at the beginning of a difficult task which, more than anything else, will affect its successful outcome.",William James,github,2025-10-01T03:43:16.891230+00:00,,0
3f122c2b-16a7-4039-9186-7abcf7cf546c,Think like a queen. A queen is not afraid to fail. Failure is another stepping stone to greatness.,Oprah Winfrey,github,2025-10-01T03:43:16.891239+00:00,,0
06e127c1-cbee-4ea8-ad13-28c74f0cde0d,"Keep your feet on the ground, but let your heart soar as high as it will. Refuse to be average or to surrender to the chill of your spiritual environment.",Arthur Helps,github,2025-10-01T03:43:16.891250+00:00,,0
ab98501b-0ce1-4215-bf35-f064f15f9c86,"I hated every minute of training, but I said, ‘Don’t quit. Suffer now and live the rest of your life as a champion.’",Muhammad Ali,github,2025-10-01T03:43:16.891260+00:00,,0
d4045dd2-65a6-4841-865b-4e957bae3311,"Don’t stop when you’re tired, stop when you’re done.",David Goggins,github,2025-10-01T03:43:16.891268+00:00,2025-10-03T03:45:23.406534+00:00,1
c25ecf20-bf3c-4511-ad0f-1e55d6d21276,You define your own life. Don’t let other people write your script.,Oprah Winfrey,github,2025-10-01T03:43:16.891277+00:00,,0
69eb0370-66ba-45d4-8d4a-09855b218ba1,You are never too old to set another goal or to dream a new dream.,Malala Yousafzai,github,2025-10-01T03:43:16.891287+00:00,,0
b525f6fb-0fbd-4a47-90de-c4c6a996e691,"People tell you the world looks a certain way. Parents tell you how to think. Schools tell you how to think. TV. Religion. And then at a certain point, if you’re lucky, you realize you can make up your own mind. Nobody sets the rules but you. You can design your own life.",Carrie Ann Moss,github,2025-10-01T03:43:16.891304+00:00,,0
23edffb9-73ef-4993-8b35-4604cb31ba4e,"For me, becoming isn’t about arriving somewhere or achieving a certain aim. I see it instead as forward motion, a means of evolving, a way to reach continuously toward a better self. The journey doesn’t end.",Michelle Obama,github,2025-10-01T03:43:16.891317+00:00,,0
e547ff2e-a63c-48c8-be89-2231b287cd59,Spread love everywhere you go.,Mother Teresa,github,2025-10-01T03:43:16.891324+00:00,,0
8665be13-7eaa-4a9d-8193-2c07848682da,Do not allow people to dim your shine because they are blinded. Tell them to put some sunglasses on.,Lady Gaga,github,2025-10-01T03:43:16.891332+00:00,,0
aae803f5-6521-44f9-8423-b81b2745df80,"If you make your internal life a priority, then everything else you need on the outside will be given to you, and it will be extremely clear what the next step is.",Gabrielle Bernstein,github,2025-10-01T03:43:16.891343+00:00,,0
9d7854b0-6e54-4d49-a921-973b41c8112b,"You don’t always need a plan. Sometimes you just need to breathe, trust, let go and see what happens.",Mandy Hale,github,2025-10-01T03:43:16.891353+00:00,,0
daa7f264-84cb-415d-a3d4-c44ec48f8ef5,"No matter what people tell you, words and ideas can change the world.",Robin Williams,github,2025-10-01T03:43:16.891360+00:00,,0
74c7bcd3-074d-4f1d-9b21-583f67fae409,What lies behind you and what lies in front of you pales in comparison to what lies inside of you.,Ralph Waldo Emerson,github,2025-10-01T03:43:16.891369+00:00,,0
1af0167e-849e-416f-939c-a654f8b50c54,"I’m going to be gone one day, and I have to accept that tomorrow isn’t promised. Am I OK with how I’m living today? It’s the only thing I can help. If I didn’t have another one, what have I done with all my todays? Am I doing a good job?",Hayley Williams,github,2025-10-01T03:43:16.891385+00:00,,0
2a5e2d29-db3a-4693-9db5-cdffb0ec8d13,I am experienced enough to do this. I am knowledgeable enough to do this. I am prepared enough to do this. I am mature enough to do this. I am brave enough to do this.,Alexandria Ocasio-Cortez,github,2025-10-01T03:43:16.891396+00:00,,0
7950eb92-df56-4e65-8f8f-00fc61d55fe3,Belief creates the actual fact.,William James,github,2025-10-01T03:43:16.891403+00:00,,0
55ef5d26-3699-473a-a9d8-4bdd400cf1eb,I’m not going to continue knocking that old door that doesn’t open for me. I’m going to create my own door and walk through that.,Ava DuVernay,github,2025-10-01T03:43:16.891414+00:00,,0
931d6071-5704-49df-8f3f-1a78a3f1d9f6,You can be everything. You can be the infinite amount of things that people are.,Kesha,github,2025-10-01T03:43:16.891422+00:00,,0
b204f80b-c83a-4f69-ad8e-3c604e7dfc00,It is during our darkest moments that we must focus to see the light.,Aristotle,github,2025-10-01T03:43:16.891430+00:00,,0
68938627-a655-44af-a407-0c88fa60c124,"Not having the best situation, but seeing the best in your situation is the key to happiness.",Marie Forleo,github,2025-10-01T03:43:16.891438+00:00,,0
7152d290-aa95-4344-82c7-26b5caa07f7e,Weaknesses are just strengths in the wrong environment.,Marianne Cantwell,github,2025-10-01T03:43:16.891445+00:00,,0
fdcf9ccb-167d-4585-97d8-e78b8167e81f,"Just don’t give up trying to do what you really want to do. Where there is love and inspiration, I don’t think you can go wrong.",Ella Fitzgerald,github,2025-10-01T03:43:16.891456+00:00,,0
7d48246b-9e51-40c7-8e40-8706a274221e,"I’ve missed more than 9,000 shots in my career. I’ve lost almost 300 games. Twenty-six times, I’ve been trusted to take the game-winning shot and missed. I’ve failed over and over and over again in my life. And that is why I succeed.",Michael Jordan,github,2025-10-01T03:43:16.891470+00:00,,0
f4c0f51e-9226-4175-8b77-130f9d22d46e,"In a gentle way, you can shake the world.",Mahatma Gandhi,github,2025-10-01T03:43:16.891477+00:00,,0
fedb71ec-180a-4807-a8a7-62b962d7ca74,"Learning how to be still, to really be still and let life happen—that stillness becomes a radiance.",Morgan Freeman,github,2025-10-01T03:43:16.891487+00:00,,0
d86de741-dafd-40f7-b592-7316786f44f7,Everyone has inside of him a piece of good news. The good news is that you don’t know how great you can be! How much you can love! What you can accomplish! And what your potential is!,Anne Frank,github,2025-10-01T03:43:16.891500+00:00,,0
3fc6d25c-fc5c-4a6c-aadc-72f0384963be,"All you need is the plan, the road map and the courage to press on to your destination.",Earl Nightingale,github,2025-10-01T03:43:16.891508+00:00,2025-10-03T11:40:41.138520+00:00,1
71767a43-eff3-4c42-ade2-8dbe2978ee26,I care about decency and humanity and kindness. Kindness today is an act of rebellion.,Pink,github,2025-10-01T03:43:16.891516+00:00,,0
3f19841f-be08-40f1-857d-3a8d105f20aa,If you have good thoughts they will shine out of your face like sunbeams and you will always look lovely.,Roald Dahl,github,2025-10-01T03:43:16.891525+00:00,,0
549add0d-acf1-4a1d-93b5-de4322cda5b7,Try to be a rainbow in someone else’s cloud.,Maya Angelou,github,2025-10-01T03:43:16.891533+00:00,,0
bbeea94b-4925-4bae-b2ac-e91bb585e016,"We must let go of the life we have planned, so as to accept the one that is waiting for us.",Joseph Campbell,github,2025-10-01T03:43:16.891543+00:00,,0
428e6bba-83e4-41e0-a41b-ddb2b414cbe7,"Find out who you are and be that person. That’s what your soul was put on this earth to be. Find that truth, live that truth and everything else will come.",Ellen DeGeneres,github,2025-10-01T03:43:16.891555+00:00,,0
78457536-63fd-4126-b193-64cf7b1139d0,"Real change, enduring change, happens one step at a time.",Ruth Bader Ginsburg,github,2025-10-01T03:43:16.891562+00:00,,0
f835a88c-9def-41dd-aea7-17a68ec9e81c,"Wake up determined, go to bed satisfied.",Dwayne Johnson,github,2025-10-01T03:43:16.891569+00:00,,0
8ecf88bc-1205-4a4a-9ef1-75d1f36e1bc8,Nobody is built like you; you design yourself.,Jay-Z,github,2025-10-01T03:43:16.891576+00:00,,0
b2f17e7e-d59e-4b9d-a2e6-f1ef33f237d1,"You gain strength, courage and confidence by every experience in which you really stop to look fear in the face. You are able to say to yourself, ‘I lived through this horror. I can take the next thing that comes along.’ You must do the thing you think you cannot do.",Eleanor Roosevelt,github,2025-10-01T03:43:16.891593+00:00,,0
ccadcfbf-dbe0-4c5b-a3f9-c776cbcbcb57,"You’ve been through so much, you’ve endured so much; time will allow me to heal and soon this will be just another memory that made me the strong woman, athlete and mother I am today.",Serena Williams,github,2025-10-01T03:43:16.891606+00:00,,0
6ca1c51f-8654-4579-bdcf-0d2f4ba91b8f,"Live your beliefs, and you can turn the world around.",Henry David Thoreau,github,2025-10-01T03:43:16.891613+00:00,,0
a32cc0fe-d165-492c-9c57-7cab1cc1033e,"Our lives are stories in which we write, direct and star in the leading role. Some chapters are happy while others bring lessons to learn, but we always have the power to be the heroes of our own adventures.",Joelle Speranza,github,2025-10-01T03:43:16.891625+00:00,,0
945c38ea-7b32-4d05-939e-b88964d202d0,"Life is like riding a bicycle. To keep your balance, you must keep moving.",Albert Einstein,github,2025-10-01T03:43:16.891633+00:00,,0
66a1049b-2d97-4998-9dba-18a91a6ca862,Don’t try to lessen yourself for the world; let the world catch up to you.,Beyoncé,github,2025-10-01T03:43:16.891641+00:00,,0
6a7038f2-58d7-402c-942b-a3326d21fe39,There’s nothing more powerful than not giving a f—k.,Amy Schumer,github,2025-10-01T03:43:16.891649+00:00,,0
a47fcbb7-b292-42aa-98a1-bc0cc5749212,"When you have a dream, you’ve got to grab it and never let go.",Carol Burnett,github,2025-10-01T03:43:16.891656+00:00,2025-10-02T18:43:49.150069+00:00,1
a02b33bf-ab85-4a81-acd5-c90e3cf01340,"When it comes to luck, you make your own.",Bruce Springsteen,github,2025-10-01T03:43:16.891663+00:00,,0
2d861ece-a515-4da7-9277-e377c1b0d32a,"If you don’t like the road you’re walking, start paving another one!",Dolly Parton,github,2025-10-01T03:43:16.891671+00:00,,0
dd8e2d8c-7eaf-46d1-87e5-04b347fdc4cd,"I have learned over the years that when one’s mind is made up, this diminishes fear; knowing what must be done does away with fear.",Rosa Parks,github,2025-10-01T03:43:16.891680+00:00,,0
28ae7372-ebf0-47d5-b4b5-040eeabd8353,"The Sun always comes out after the storm. Being optimistic and surrounding yourself with positive, loving people is, for me, living life on the sunny side of the street.",Janice Dean,github,2025-10-01T03:43:16.891692+00:00,,0
89107da8-c256-433f-829b-507645086b9a,We generate fears while we sit. We overcome them by action.,Henry Link,github,2025-10-01T03:43:16.891699+00:00,,0
efc14912-2a14-4a2e-bbac-eec25d7ce0ff,"Dreams don’t have to just be dreams. You can make it a reality; if you just keep pushing and keep trying, then eventually you’ll reach your goal.",Naomi Osaka,github,2025-10-01T03:43:16.891709+00:00,,0
f0589d47-ccc6-4994-9062-e395df2ced2a,What you get by achieving your goals is not as important as what you become by achieving your goals.,Zig Ziglar,github,2025-10-01T03:43:16.891717+00:00,,0
08db7dc3-29a9-42db-914a-dafa501b8796,"I’ve noticed when I fear something, if I just end up doing it, I’m grateful in the end.",Colleen Hoover,github,2025-10-01T03:43:16.891726+00:00,,0
79d5f0da-e854-41f8-83b2-e745c7ed0f28,"Work hard, know your shit, show your shit and then feel entitled.",Mindy Kaling,github,2025-10-01T03:43:16.891733+00:00,,0
0425cd85-a627-445d-907d-868d09027641,"We’ve been making our own opportunities, and as you prove your worth and value to people, they can’t put you in a box. You hustle it into happening, right?",Jennifer Lopez,github,2025-10-01T03:43:16.891743+00:00,,0
770e5d9d-c91c-468d-9f3b-1ba35cd47b4b,"When you’ve seen beyond yourself, then you may find peace of mind is waiting there.",George Harrison,github,2025-10-01T03:43:16.891752+00:00,,0
e921d969-4d7d-4d7b-be24-894f2adfb578,"Out of the mountain of despair, a stone of hope.","Martin Luther King, Jr.",github,2025-10-01T03:43:16.891758+00:00,,0
2b8ec57c-c440-4419-90bf-b9a250d39a28,We are not our best intentions. We are what we do.,Amy Dickinson,github,2025-10-01T03:43:16.891765+00:00,,0
085b61aa-e9d8-4792-a928-8468e45d68d5,I’m realizing how much I’ve diminished my own power. I’m not doing that no more.,Alicia Keys,github,2025-10-01T03:43:16.891778+00:00,,0
e06badfb-669e-4309-876c-13ab5d345248,"I believe that if you’ll just stand up and go, life will open up for you. Something just motivates you to keep moving.",Tina Turner,github,2025-10-01T03:43:16.891790+00:00,,0
b9b31f8a-6c4d-4558-b9bd-99e29394a6e2,"How wild it was, to let it be.",Cheryl Strayed,github,2025-10-01T03:43:16.891797+00:00,,0
29321c3a-6468-4322-bc09-00fe0107fc2f,The simple act of listening to someone and making them feel as if they have truly been heard is a most treasured gift.,L.A. Villafane,github,2025-10-01T03:43:16.891805+00:00,,0
ce7bb620-6a5e-4d82-89e5-688926a2584c,You have to be where you are to get where you need to go.,Amy Poehler,github,2025-10-01T03:43:16.891812+00:00,,0
0ed8c6e2-157b-473b-a46a-695835ce4992,"Don’t be afraid. Because you’re going to be afraid. But remember when you become afraid, just don’t be afraid.",Joan Jett,github,2025-10-01T03:43:16.891821+00:00,,0
d7edff23-b4ef-4a19-b2bd-b39fe04a88f6,"We need to take risks. We need to go broke. We need to prove them wrong, simply by not giving up.",Awkwafina,github,2025-10-01T03:43:16.891829+00:00,,0
f10efaca-0ff0-4abc-93c2-050517f9aced,You do not find the happy life. You make it.,Camilla Eyring Kimball,github,2025-10-01T03:43:16.891835+00:00,,0
697f8ea1-9a74-4c37-be9d-70a77a4daeec,"We all have problems. But it’s not what happens to us, it’s the choices we make after.",Elizabeth Smart,github,2025-10-01T03:43:16.891844+00:00,,0
e36ac59e-f22f-473f-9c76-b6e2adc8378c,"When we choose to trust the journey and embrace love and joy, we are free to fly.",Annicken R. Day,github,2025-10-01T03:43:16.891851+00:00,,0
2b42f390-f26e-4f41-9685-f425d3b7ff7d,"You don’t have to be defined or confined by your environment, by your family circumstances and certainly not by your race or gender.",Mariah Carey,github,2025-10-01T03:43:16.891861+00:00,,0
d53304e6-9de7-4d23-8079-444f4b3a715a,"Definitions belong to the definers, not the defined.",Toni Morrison,github,2025-10-01T03:43:16.891867+00:00,,0
79115c05-35e6-4c58-85b2-e4ac58016a85,You must find the place inside yourself where nothing is impossible.,Deepak Chopra,github,2025-10-01T03:43:16.891874+00:00,,0
b937b463-a3a7-4b4f-a70f-407d5f493d2d,"Whatever you think the world is withholding from you, you are withholding from the world.",Eckhart Tolle,github,2025-10-01T03:43:16.891882+00:00,,0
9ff92191-9d9d-44d9-ace7-454c3c656e78,"Perfection is not attainable, but if we chase perfection we can catch excellence.",Vince Lombardi,github,2025-10-01T03:43:16.891889+00:00,,0
952c83dd-6f64-4899-9ab7-8f46cc4f1bc4,A lot of people are afraid to say what they want. That’s why they don’t get what they want.,Madonna,github,2025-10-01T03:43:16.891897+00:00,,0
7b3c5ba6-1826-4a1e-a86e-b937516de2d9,We have to let go of who we think we should be and embrace what is.,Achea Redd,github,2025-10-01T03:43:16.891904+00:00,,0
89558582-d40c-4c90-be09-5b775174ee2c,"If you believe in yourself and have dedication and pride and never quit, you’ll be a winner. The price of victory is high, but so are the rewards.",Bear Bryant,github,2025-10-01T03:43:16.891915+00:00,,0
7dc3a79f-c98b-42ca-aac0-ce577416c6cd,"In order for the light to shine so brightly, the darkness must be present.",Francis Bacon,github,2025-10-01T03:43:16.891922+00:00,,0
efa16dac-29a5-4e46-a3f0-0e631fa720c5,I don’t look ahead. I’m right here with you. It’s a good way to be.,Danny DeVito,github,2025-10-01T03:43:16.891930+00:00,,0
33974d64-a603-49d4-a3da-3062deef4cff,It ain’t about how hard you hit. It’s about how hard you can get hit and keep moving forward.,Sylvester Stallone,github,2025-10-01T03:43:16.891940+00:00,,0
90be2745-080c-4f5c-8bc2-3809646173da,I will not let anyone scare me out of my full potential.,Nicki Minaj,github,2025-10-01T03:43:16.891947+00:00,,0
50d4c737-3c5d-4243-94fe-c98798b216d2,"Clouds come floating into my life, no longer to carry rain or usher storm, but to add color to my sunset sky.",Rabindranath Tagore,github,2025-10-01T03:43:16.891955+00:00,,0
bad28e88-f126-4698-84b7-1d010d3ea525,"Trying to grow up is hurting. You make mistakes. You try to learn from them, and when you don’t, it hurts even more.",Aretha Franklin,github,2025-10-01T03:43:16.891965+00:00,,0
7f9b36d2-4419-4473-a399-a0ca40b88c60,Never bend your head. Always hold it high. Look the world straight in the eye.,Helen Keller,github,2025-10-01T03:43:16.891972+00:00,,0
51531c89-471d-4dfe-9c9e-255ed7ecb8a0,"Thousands of candles can be lighted from a single candle, and the life of the candle will not be shortened. Happiness never decreases by being shared.",Buddha,github,2025-10-01T03:43:16.891981+00:00,,0
83d998fb-1160-4fb6-9c53-eb4d03951c2f,The power of imagination makes us infinite.,John Muir,github,2025-10-01T03:43:16.891987+00:00,,0
39ae956e-9e94-44cc-970a-5c47659fd35c,"Be kind to yourselves and stand up for yourself, please.",Taylor Swift,github,2025-10-01T03:43:16.891994+00:00,,0
cfe73902-1d68-4fea-9ee1-8334e2d107a0,"If my mind can conceive it, if my heart can believe it, then I can achieve it.",Muhammad Ali,github,2025-10-01T03:43:16.892001+00:00,,0
6d944dc3-398c-463a-b81e-514f431082c3,Embrace the glorious mess that you are.,Elizabeth Gilbert,github,2025-10-01T03:43:16.892007+00:00,,0
b072ec93-936f-4514-bdc1-ce63dc4b6a4a,"At the end of the day, whether or not those people are comfortable with how you’re living your life doesn’t matter. What matters is whether you’re comfortable with it.",Dr. Phil,github,2025-10-01T03:43:16.892018+00:00,,0
63c7dd86-e606-41b6-84bf-f24b7522b054,"We have to be better. We have to love more, hate less. We’ve gotta listen more and talk less. We’ve gotta know that this is everybody’s responsibility.",Meghan Rapinoe,github,2025-10-01T03:43:16.892029+00:00,,0
2603fef3-4272-406c-a575-0fa51a3c742a,The best preparation for tomorrow is doing your best today.,H. Jackson Brown Jr.,github,2025-10-01T03:43:16.892036+00:00,,0
5ef2c96d-24af-4292-892e-d7fbccd9b6f5,Someone is sitting in the shade today because someone planted a tree a long time ago.,Warren Buffett,github,2025-10-01T03:43:16.892044+00:00,2025-10-01T19:23:18.962090+00:00,1
ac59f91e-2f18-4564-a019-e04b3bdc5f8a,The only journey is the one within.,Rainer Maria Rilke,github,2025-10-01T03:43:16.892050+00:00,,0
f98e755f-d56c-47fa-a76b-918c55169544,"Being vulnerable is a strength, not a weakness.",Selena Gomez,github,2025-10-01T03:43:16.892057+00:00,,0
